id,first_name,last_name,dob
1,Yolane,Ielden,06/17/2021
2,Antonia,Minihan,09/26/2014
3,Rosemary,Croft,03/20/2016
4,Terese,Forkan,02/20/2011
5,Patten,Baumann,03/11/2018
6,Mireille,Stickens,03/06/2011
7,Wilhelmine,Hambleton,09/01/2017
8,Jessamyn,Haycroft,11/03/2017
9,Jarrad,Stables,03/15/2015
10,Tymothy,Morant,12/26/2015
11,Flynn,Escalante,01/25/2011
12,Duane,Lynett,07/05/2019
13,Nikola,Scadden,12/14/2015
14,Adina,Rivel,03/10/2011
15,Andra,Semper,05/08/2016
16,Josephina,Sheivels,01/20/2014
17,Janaye,McCloughlin,09/04/2019
18,Lilllie,Staite,01/08/2018
19,Ignacio,Dennert,08/25/2017
20,Cornelius,Bozworth,05/19/2021
21,Leone,Swiggs,05/09/2020
22,Kathe,Bisgrove,05/11/2011
23,Thom,Southouse,01/13/2016
24,Veronica,Askam,09/05/2019
25,Dawna,Dumpleton,12/06/2020
26,Barbe,Shirtcliffe,11/08/2014
27,Sari,Bridgen,10/14/2014
28,Jimmie,Sherrell,01/31/2022
29,Dolf,Perkin,05/07/2012
30,Marty,Charity,06/11/2014
31,Doralin,Cotillard,02/23/2021
32,Norene,Timson,09/03/2018
33,Joan,Pellamonuten,09/21/2016
34,Karim,Wiltshaw,11/05/2014
35,Putnem,Sandell,01/05/2015
36,Bernardine,Falkous,06/01/2017
37,Aland,Nelthorp,07/06/2012
38,Teriann,Dowthwaite,12/04/2011
39,Mario,Elstone,03/05/2016
40,Jethro,Churchin,12/11/2014
41,Hymie,Dilger,02/27/2019
42,Lexy,Swannick,03/24/2014
43,Kora,Flude,03/30/2017
44,Gery,Renals,01/28/2013
45,Nappy,Crop,04/19/2016
46,Ebba,Rigler,06/14/2012
47,Leanna,Whyatt,12/01/2016
48,Jarrett,McGroarty,03/16/2020
49,Katherina,Feetham,10/11/2016
50,Janaya,Daunter,06/24/2020
51,Fredra,Shutle,07/02/2021
52,Katharina,Burk,11/10/2013
53,Livvie,Hounsham,02/21/2018
54,Renaldo,Garthside,02/28/2021
55,Preston,Gabitis,09/21/2016
56,Janet,Lodevick,08/28/2021
57,Annabella,Perrelle,12/19/2020
58,Brittney,Kleimt,08/20/2016
59,Romonda,Cowlishaw,01/25/2022
60,Ryan,Ramos,09/10/2013
61,Penny,Somerfield,03/10/2021
62,Shirlee,Larrett,08/02/2014
63,Lorens,Joe,04/15/2017
64,Caesar,McMurrugh,02/09/2017
65,Orrin,MacGilrewy,06/26/2014
66,Jamil,Haughan,04/25/2022
67,Leone,Selvester,03/10/2020
68,Daveen,Dyzart,02/27/2018
69,Dick,Chiechio,07/23/2018
70,Mia,Calderhead,08/12/2012
71,Karel,Pepler,05/22/2019
72,Andi,Folds,04/10/2017
73,Wait,Lawie,04/12/2017
74,Brandie,Rickwood,05/12/2017
75,Jermain,Faithorn,03/25/2011
76,Arnaldo,Neumann,04/27/2017
77,Wanda,Saffle,01/27/2012
78,Dirk,Barme,12/17/2013
79,Emmett,Popworth,02/15/2015
80,Micah,Dunster,12/04/2012
81,Corrie,Spataro,04/25/2020
82,Grove,Castard,08/07/2012
83,Osmund,Affuso,04/09/2020
84,Mirabel,McCrone,06/21/2017
85,Loni,Dzenisenka,05/26/2019
86,Bertrand,Kubanek,11/11/2011
87,Nicky,Dumbell,04/20/2019
88,Sampson,Ferries,09/08/2016
89,Brit,Schonfeld,05/24/2016
90,Freedman,Morgan,06/27/2020
91,Orelle,Maha,03/14/2013
92,Bradan,Carayol,02/01/2012
93,Kellia,Maxwale,05/09/2017
94,Alyssa,McGarvie,03/29/2019
95,Sholom,Cuthbert,11/21/2012
96,Huntley,Dallow,03/22/2021
97,Hubie,Lupson,04/24/2015
98,Fabien,Ashfold,01/10/2013
99,Milka,Margery,10/19/2017
100,Fransisco,MacKegg,03/20/2014
101,Ulrica,Ireson,04/01/2013
102,Tamara,Orwell,12/23/2012
103,Modesta,Abrahamoff,10/22/2014
104,Adda,Vasyunin,11/14/2014
105,Kalindi,Stillman,02/11/2011
106,Neely,Frie,01/31/2022
107,Prentice,Trembey,11/24/2013
108,Hamlen,Bonsale,04/07/2020
109,Danyelle,Baulcombe,07/27/2021
110,Karee,Le Leu,02/22/2021
111,Christos,Milhench,01/02/2011
112,Joy,Cavanaugh,10/08/2013
113,Vaughan,Popworth,01/12/2019
114,Geoff,Deval,10/24/2018
115,Ingelbert,Wyeld,03/23/2011
116,Levon,Ceaser,08/29/2015
117,Sharia,Cuvley,01/05/2015
118,Manda,Danielski,08/18/2017
119,Gisella,Knotte,12/23/2016
120,Tod,Gordon,02/18/2018
121,Gannon,Hallahan,06/17/2013
122,Fanny,Malcolmson,04/09/2011
123,Joanne,Siflet,04/03/2022
124,Pavia,Gomersal,01/09/2022
125,Jecho,Allberry,09/09/2018
126,Mary,Reckhouse,09/17/2013
127,Carissa,Jerger,07/11/2012
128,Atalanta,Gammel,10/28/2011
129,Jilli,Wheldon,02/07/2014
130,Tiler,Bontine,02/26/2012
131,Lamond,Kruger,05/24/2013
132,Hadria,Elbourne,01/20/2012
133,Birgit,Neads,03/21/2018
134,Ernst,Grigorey,09/04/2013
135,Dorrie,Serle,10/27/2016
136,Don,Daout,04/22/2016
137,Germayne,Donegan,03/05/2011
138,Julina,Theunissen,01/30/2022
139,Bobbye,Skaif,05/15/2015
140,Viviene,Daville,01/02/2013
141,Kora,Brissard,11/03/2012
142,Viviene,Killeen,11/20/2012
143,Welsh,Timmes,12/28/2020
144,Maureen,Aldam,05/07/2021
145,Caye,Try,02/17/2016
146,Vernor,Cackett,01/24/2020
147,Jeremie,Wordington,09/15/2018
148,Jamesy,Jimes,08/29/2015
149,Elvin,Stading,08/29/2019
150,Georas,Gray,10/15/2014
151,Joana,Lynas,07/07/2012
152,Maryanna,Parlatt,01/12/2017
153,Germayne,Giovanardi,03/23/2020
154,Martie,Menhenitt,04/23/2018
155,Felic,Diggins,02/16/2013
156,Terese,Winsiowiecki,04/18/2015
157,Killie,Bour,10/21/2014
158,Gardie,Caunce,04/18/2014
159,Gennie,Neising,02/26/2014
160,Traver,Bradick,03/20/2011
161,Yoshiko,Rizzini,06/08/2013
162,Brigitta,Yurukhin,07/26/2011
163,Codee,Magill,12/13/2016
164,Itch,Grunwall,11/25/2020
165,Maia,Spedroni,06/07/2012
166,Jeramey,Wetton,02/12/2022
167,Cheri,Riley,02/20/2014
168,Sada,Geertje,10/18/2019
169,Ebba,Gass,07/17/2020
170,Coleen,Tyson,11/13/2019
171,Alden,Lapwood,12/12/2012
172,Jesse,Innott,12/29/2012
173,Reyna,Massie,02/01/2019
174,Gerty,Brookwell,10/22/2020
175,Junie,Houliston,12/21/2013
176,Arleta,O'Dyvoy,12/02/2018
177,Wernher,Hanvey,07/30/2015
178,Mireille,Sturmey,09/27/2017
179,Ban,Gowers,07/18/2017
180,Franklyn,Jorgensen,02/20/2020
181,Winslow,Degue,02/03/2016
182,Trula,Kleinhandler,09/23/2013
183,Ignacius,Sanderson,05/18/2019
184,Lincoln,Culbert,02/12/2016
185,Farrah,Chantrell,09/07/2020
186,Karlotte,Howlett,10/22/2016
187,Nadia,Broome,07/17/2021
188,Lucky,Phizaclea,09/25/2016
189,Robbi,Canedo,06/03/2012
190,Sissy,Trewett,08/02/2015
191,Noni,Hayden,09/27/2012
192,Dawna,Clift,08/23/2018
193,Boy,Dollin,10/24/2019
194,Clemmie,Chase,11/30/2021
195,Eamon,Hanley,03/05/2021
196,Bronnie,Spuffard,03/02/2015
197,Car,Duxbarry,11/17/2018
198,Yasmin,Jupe,11/22/2010
199,Brena,Arrundale,12/20/2011
200,Devinne,Edelheit,03/06/2011
201,Elroy,Jecks,07/04/2016
202,Sloane,Landa,06/16/2013
203,Fanya,Culross,01/26/2018
204,Dewitt,Ormiston,07/06/2012
205,Eberto,Bartol,10/06/2013
206,Thane,Pruvost,09/05/2021
207,Kelcy,Eveque,06/20/2020
208,Jewelle,Peasee,09/18/2017
209,Gert,Carey,09/19/2012
210,Goldie,Rosling,03/05/2013
211,Richmond,Rishbrook,05/30/2013
212,Wallis,Lawerence,03/04/2015
213,Billy,Mowsley,02/11/2021
214,Tedra,Ockland,10/11/2018
215,Ferris,Roux,05/21/2014
216,Melitta,Mabbutt,02/03/2022
217,Akim,Girardoni,11/07/2019
218,Gilberte,Izatson,05/31/2013
219,Stafford,Duligall,10/26/2011
220,Milt,Tapley,10/06/2013
221,Shea,Steutly,05/01/2015
222,Laural,Targetter,07/31/2021
223,Stephannie,Drury,11/27/2016
224,Dalton,Bockmann,05/26/2021
225,Enrico,Kaiser,01/22/2012
226,Obed,Ruslinge,06/18/2015
227,Aleda,Ormshaw,04/23/2021
228,Sibylle,Balmann,06/01/2018
229,Adoree,McGeraghty,02/02/2020
230,Petronella,Kilian,11/07/2014
231,Eustacia,Featonby,04/05/2016
232,Leanora,Pahlsson,07/14/2020
233,Carrissa,Durtnal,07/08/2013
234,Evangelia,Trethowan,10/24/2012
235,Lilia,Dacca,07/23/2012
236,Renee,Wanstall,08/23/2020
237,Vail,Le febre,04/17/2014
238,Rouvin,Toothill,03/14/2021
239,Nefen,Bellchamber,05/11/2015
240,Linc,Durn,06/25/2018
241,Natal,Brookson,07/13/2016
242,Isa,Mellmer,12/20/2021
243,Titos,Pomfret,08/28/2014
244,Janessa,Salandino,07/11/2013
245,Dix,Perren,12/18/2019
246,Leonid,Belverstone,03/20/2020
247,Hugo,Mott,11/01/2013
248,Dickie,Halsworth,01/19/2011
249,Joell,Tackell,11/28/2018
250,Penrod,Gertz,02/06/2016
251,Cointon,Mangam,07/24/2015
252,Lemmy,Kitchingman,03/23/2016
253,Amata,Fyall,12/28/2013
254,Tucker,Bromet,06/23/2021
255,Wylma,Debenham,09/13/2012
256,Orella,Emmanuele,06/27/2021
257,Cecily,Propper,09/03/2012
258,Pernell,MacCambridge,04/23/2015
259,Garrik,Mayworth,12/08/2011
260,Reeba,Wylam,12/08/2020
261,Edith,Greir,02/24/2017
262,Deerdre,Antyukhin,11/30/2019
263,Vivian,Crumpe,05/05/2022
264,Caralie,Kuhlmey,11/19/2015
265,Woody,Coleiro,07/25/2012
266,Cammie,Saddington,03/19/2014
267,Odette,Heugh,07/02/2017
268,Josephina,Mullinger,05/01/2020
269,Layne,Nattrass,10/20/2015
270,Deloris,Shelborne,10/09/2015
271,Julina,Trighton,01/05/2020
272,Kial,Chellam,07/01/2012
273,Hilarius,Coit,06/22/2021
274,Austine,Strognell,08/04/2021
275,Kennedy,Davson,04/26/2022
276,Andee,Atcheson,02/26/2011
277,Luis,Joynson,12/28/2012
278,Inga,Jessep,07/09/2016
279,Sue,Santacrole,11/01/2012
280,Elisabet,Hallowell,03/06/2016
281,Geno,Huc,12/06/2018
282,Trudie,Mallinson,01/19/2012
283,Rolf,Pinnington,09/05/2020
284,Martguerita,McKain,03/30/2015
285,Em,Tapping,04/11/2011
286,Vaclav,Philliskirk,10/29/2020
287,Jervis,McGloughlin,12/26/2018
288,Bancroft,Tanswill,05/25/2013
289,Haroun,Scotchbourouge,07/30/2012
290,Gabbi,Pierri,06/24/2011
291,Matt,Henricsson,05/31/2012
292,Jarid,Calloway,10/17/2016
293,Cornall,Savage,01/10/2011
294,Katusha,Ferrarone,08/09/2019
295,Amby,Thompstone,10/22/2015
296,Rosy,Bollon,03/10/2016
297,Warren,Gerraty,07/05/2016
298,Alla,Kielty,12/21/2010
299,Karel,Brouwer,08/30/2011
300,Kellie,O'Bradden,12/14/2010
301,Duky,Daymont,05/25/2019
302,Shandra,Cantrill,05/10/2015
303,Georgia,Hyne,04/05/2014
304,Fanchon,Pallent,05/10/2012
305,Edgar,Pallaske,04/25/2017
306,Evy,Passey,11/04/2012
307,Melita,Chasier,05/22/2022
308,Nye,Medwell,08/11/2020
309,Hakeem,Taphouse,07/18/2017
310,Tobe,Tuffin,09/01/2011
311,Mechelle,Woodroff,02/22/2020
312,Bendite,Tremlett,06/29/2018
313,Olympia,Zottoli,11/29/2012
314,Dell,Greenin,11/20/2011
315,Kathye,Sauter,09/25/2020
316,Eb,Colquhoun,08/02/2013
317,Cross,Shalcras,06/20/2016
318,Brandon,Crock,02/04/2017
319,Reg,Archbutt,01/06/2014
320,Jelene,Thicking,01/19/2014
321,Reinwald,Leffek,08/04/2012
322,Denys,Rider,10/24/2018
323,Ebonee,Edwin,08/26/2020
324,Beulah,Deverose,03/11/2013
325,Brianne,Striker,03/18/2011
326,Sidney,Edwicke,03/13/2015
327,Agnesse,Laydon,06/05/2014
328,Benito,Longina,05/21/2011
329,Cobb,Ronisch,11/05/2020
330,Anett,Castell,12/11/2014
331,Arman,Finnimore,10/29/2013
332,Meghann,Brabyn,06/29/2015
333,Joshua,Marcu,11/08/2018
334,Alexine,Jagielski,03/25/2013
335,Inness,Smy,01/03/2019
336,Korney,Brevetor,04/16/2022
337,Tracy,Hasted,01/16/2021
338,Evelina,Donlon,06/27/2012
339,Eleanora,Walesa,03/03/2019
340,Deedee,Peplaw,07/21/2015
341,Crawford,Masarrat,06/15/2019
342,Archer,Scholl,04/08/2018
343,Gerry,Renhard,09/26/2017
344,Fremont,Kornalik,05/08/2018
345,Caryl,Goodbody,12/22/2015
346,Jervis,Wallas,01/24/2016
347,Ginevra,Antusch,04/22/2014
348,Eilis,Gatiss,09/28/2012
349,Gunar,Laidel,03/25/2015
350,Kala,Paulisch,01/01/2020
351,Alayne,Smitten,07/25/2014
352,Maurits,Pentony,05/09/2018
353,Maddie,Mazillius,03/09/2019
354,Henrieta,Milne,03/19/2015
355,Dorey,Archambault,05/18/2018
356,Alleen,Stelle,12/09/2020
357,Elisabeth,Sappell,12/04/2019
358,Mickey,McAndrew,04/21/2014
359,Conan,Taillard,01/17/2012
360,Kathi,Tarry,01/24/2011
361,Rudiger,Champken,02/18/2022
362,Lottie,Donati,10/25/2021
363,Free,Trigg,09/07/2016
364,Sukey,Armin,10/27/2012
365,Allyn,Wharby,04/04/2017
366,Gwenni,Abdie,11/15/2015
367,Cammy,Mably,03/02/2016
368,Nils,Muller,10/09/2019
369,Kiel,Origin,02/28/2011
370,Olenka,Anthes,02/02/2012
371,Ginnie,Marcroft,03/21/2015
372,Darnell,Firpi,01/30/2016
373,Merrel,Bowich,07/23/2021
374,Lowell,Barnwille,09/26/2013
375,Sharai,O'Brallaghan,04/29/2013
376,Berthe,Peeter,10/19/2015
377,Queenie,Budden,07/22/2011
378,Lucie,Naseby,05/20/2015
379,Sharlene,Timson,07/12/2011
380,Germaine,Cheke,11/06/2011
381,Travers,Bilney,03/17/2018
382,Brandie,Stuther,05/20/2014
383,Xymenes,Filipyev,09/25/2021
384,Cathi,Plumm,04/14/2019
385,Graehme,Nizet,12/25/2010
386,Daphene,Peppard,04/23/2011
387,Georgeanna,Seers,09/26/2017
388,Gilberto,Dunn,09/11/2012
389,Eddy,de'-Ancy Willis,04/29/2014
390,Dwight,Eyckelberg,10/12/2021
391,Stacy,Tattershall,10/31/2011
392,Nappie,Swafford,05/09/2018
393,Pat,Bibb,03/27/2017
394,Currie,Goligher,02/09/2018
395,Ronald,Cabrales,10/24/2012
396,Nikolai,Marusik,07/31/2014
397,Ethel,Blinman,01/25/2014
398,Willey,MacCaghan,03/09/2017
399,Tadd,O'Driscole,12/15/2014
400,Onida,Gully,02/25/2020
401,Mirilla,Adamek,01/23/2014
402,Ugo,Filipson,08/14/2017
403,Analise,Shinefield,01/03/2021
404,Lamond,Reinhardt,09/20/2017
405,Silvia,Rosenkrantz,05/26/2011
406,Kearney,Mattessen,02/01/2014
407,Lindsay,Dumphry,05/31/2014
408,Thomasine,Jickells,07/22/2014
409,Chip,Hewertson,11/02/2019
410,Emerson,Idwal Evans,04/28/2016
411,Ardine,Keyser,02/15/2011
412,Clovis,Linggard,02/03/2011
413,Stafani,Durrett,07/17/2017
414,Karlik,McVaugh,03/12/2013
415,Glory,Birbeck,06/08/2020
416,Brod,MacArthur,08/27/2017
417,Maybelle,Kennedy,07/18/2015
418,Lynnette,Ducarne,09/21/2020
419,Cyrus,Robjohns,09/21/2013
420,Brynn,Houchen,12/24/2019
421,Christean,O'Cahill,04/29/2016
422,Kristan,Rosenstock,10/14/2017
423,Emili,Helversen,10/04/2013
424,Tova,Grain,01/30/2019
425,Marsiella,Plante,06/04/2013
426,Salaidh,MacMaster,08/11/2011
427,Inez,Chilton,04/28/2014
428,Stan,Airth,10/04/2018
429,Emiline,Anthony,01/11/2011
430,Ruthanne,Clifft,03/02/2021
431,Ashla,Elby,03/26/2022
432,Marena,Pencost,02/04/2018
433,Thekla,Bradberry,09/29/2018
434,Gianni,Boyde,02/13/2012
435,Erwin,Parramore,12/16/2016
436,Jenda,Flaxon,08/19/2015
437,Gregor,Litel,02/07/2016
438,Glennie,Bodesson,06/05/2014
439,Annemarie,Bellhanger,08/26/2015
440,Hubert,Jansky,03/31/2021
441,Scarface,Mozzi,02/05/2019
442,Paulie,Cantera,07/29/2021
443,Jessalin,Alabaster,01/10/2019
444,Merle,Allabarton,10/07/2018
445,Ulrick,Dimitru,12/28/2018
446,Hussein,Milham,04/25/2020
447,Steffen,Elms,07/08/2016
448,Minor,Poleye,04/11/2019
449,Mendie,Buckston,03/13/2014
450,Loreen,Ritchie,11/07/2014
451,Thomasa,Kinchin,01/30/2013
452,Hilda,Vogel,06/08/2017
453,Ade,Faers,01/10/2011
454,Mersey,Poulgreen,11/23/2017
455,Lin,Yabsley,10/25/2016
456,Ciro,Chrystie,09/29/2020
457,Travers,Skoof,11/06/2014
458,Jayme,Mileham,03/28/2017
459,Shalom,Renak,05/07/2013
460,Silvain,Rosenberg,02/21/2022
461,Cathee,Haste,07/19/2020
462,Ashli,Lewsie,01/27/2022
463,Mignonne,Wratten,09/25/2018
464,Gerard,Trahair,03/28/2021
465,Sara,Marcq,09/08/2016
466,Gauthier,Edmondson,12/05/2020
467,Baxie,Hrus,06/21/2014
468,Dukey,Stone,08/24/2017
469,Launce,Di Pietro,01/02/2019
470,Ethelred,Cripin,10/09/2015
471,Michael,Bazeley,07/05/2016
472,Kennedy,Collinson,10/10/2013
473,Chelsey,Dysert,12/18/2018
474,Melloney,Melding,03/13/2017
475,Livvie,Rankling,09/24/2021
476,Dorie,Andriveaux,04/25/2021
477,Edvard,Gadsden,06/19/2015
478,Jamill,Daout,12/27/2013
479,Griswold,Flynn,04/08/2015
480,Garner,Dalgardno,06/05/2017
481,Dewie,Kehri,01/03/2013
482,Dana,Blundel,09/26/2019
483,Heath,Sicily,10/14/2020
484,Hazlett,Elsip,09/07/2020
485,Nerty,Mitten,08/18/2021
486,Rafa,Nealey,12/22/2015
487,Devy,Georgeot,01/27/2012
488,Forrester,Ashton,12/05/2013
489,Abby,de Zamora,10/15/2016
490,Amara,Critchell,04/16/2015
491,Lucian,Sprake,08/29/2016
492,Flossie,MacNeillie,02/21/2012
493,Abby,Endicott,01/26/2014
494,Ali,Jannings,03/24/2018
495,Inge,Tassell,04/16/2014
496,Odele,Trehearne,10/25/2019
497,Wilburt,Mattiessen,05/10/2013
498,Oliy,Broader,08/01/2017
499,Robina,Growcott,07/29/2018
500,Axe,Newbery,05/12/2019
501,Duane,Runnacles,02/05/2017
502,Gisela,Knoton,03/24/2017
503,Edmon,Bambrough,06/26/2015
504,Cissy,Hendrick,11/16/2012
505,Idell,Blazynski,03/15/2020
506,Octavia,Fruchter,02/22/2019
507,Lanette,Slobom,11/28/2018
508,Deane,Scarlan,04/17/2013
509,Jordon,Wondraschek,02/12/2014
510,Bear,Woodyear,04/15/2018
511,Correy,Morgan,04/07/2017
512,Osborn,Robertsen,04/25/2014
513,Coralyn,Albery,03/01/2015
514,Hamnet,Samme,10/01/2013
515,Vonni,Fehner,08/15/2019
516,Ingeberg,Crummay,02/28/2020
517,Edgard,Gibbins,03/05/2017
518,Frederich,Le Franc,02/10/2012
519,Yorgo,Izen,10/24/2017
520,Thane,Celler,05/10/2013
521,Gwenni,Kench,02/12/2014
522,Saxon,McGloin,09/13/2017
523,Mozes,Meriet,01/05/2016
524,Hart,Gwioneth,03/18/2017
525,Aggy,Ratnege,09/14/2019
526,Daisie,Bugler,12/30/2010
527,Frannie,Towersey,09/05/2014
528,Porty,Fend,09/21/2014
529,Tate,Doy,01/20/2019
530,Forest,Frankland,07/29/2019
531,Ewell,Craiker,09/07/2020
532,Dario,Moulton,02/27/2014
533,Judon,Beddon,06/06/2012
534,Romona,Twelftree,02/07/2020
535,Darbee,Saipy,02/17/2022
536,Kerri,Grute,12/06/2015
537,Trina,Whitwham,10/20/2020
538,Brandy,Balhatchet,11/02/2019
539,Nonnah,Herreran,05/01/2019
540,Danika,MacRorie,05/07/2016
541,Alina,Bradnum,08/10/2017
542,Jackqueline,Shillaker,10/26/2011
543,Bess,Bonnefin,12/28/2015
544,Fred,Westnage,08/02/2014
545,Carrissa,Landell,06/24/2017
546,Sephira,Fullerlove,10/29/2014
547,Katherina,Antuoni,07/16/2011
548,Marcus,Putman,01/13/2018
549,Tann,Wight,05/05/2013
550,Rory,Leeder,11/08/2015
551,Ralph,Joincey,04/08/2016
552,Rees,Terrett,05/26/2017
553,Lilias,Thornbarrow,10/22/2016
554,Vernon,Larrad,02/10/2013
555,Myrle,Smowton,09/22/2019
556,Leora,Bowart,02/27/2015
557,Bill,Dundon,03/03/2019
558,Merline,Woodage,07/20/2017
559,Olivie,Ditchett,03/11/2015
560,Andrey,Cossell,09/30/2016
561,Kleon,Denziloe,03/13/2020
562,Bobby,Merriment,11/21/2016
563,Kissiah,Marcum,11/21/2010
564,Noelyn,Van der Beek,08/23/2017
565,Hillary,Forsbey,04/08/2014
566,Joan,Jauncey,09/19/2014
567,Jamie,Beddie,05/09/2017
568,Loise,Oret,07/25/2012
569,Adams,Brickham,05/10/2022
570,Thayne,Dennison,10/29/2014
571,Cecil,Faley,08/21/2021
572,Dode,Milnthorpe,04/12/2014
573,Storm,Gulliman,09/16/2016
574,Aldous,Linklater,12/19/2015
575,Salvador,McCluskey,05/08/2014
576,Dorey,Rodnight,12/04/2011
577,Olva,Giovannacc@i,02/13/2012
578,Mart,Newey,02/17/2020
579,Gage,Kach,07/12/2020
580,Curtis,Colbertson,09/03/2019
581,Cobbie,Landes,02/24/2019
582,Kimmie,Keenlyside,07/17/2021
583,Brynne,Haresign,03/29/2021
584,Rennie,Emor,06/11/2018
585,Chick,Dikles,05/12/2017
586,Oberon,Lanbertoni,03/13/2014
587,Zach,Maskew,12/12/2019
588,Doreen,Morando,01/30/2014
589,Donall,Nenci,06/24/2018
590,Cooper,Bodemeaid,03/31/2020
591,Merv,Neller,10/04/2015
592,Devlin,Coppin,06/18/2020
593,Kalil,Shivlin,02/23/2014
594,Alisun,Masson,08/08/2013
595,Goldi,Plastow,03/29/2015
596,Pooh,Ferrige,01/29/2020
597,Vidovik,De Cruze,10/20/2017
598,Cullen,Eblein,10/06/2012
599,Adriano,Rayworth,12/28/2020
600,Catlee,Witherington,07/19/2019
601,Davidde,Bruinsma,02/22/2014
602,Selle,Mart,02/23/2018
603,Wilhelm,Hadland,10/30/2021
604,Hildagard,Landrean,10/01/2013
605,Germaine,Wagnerin,10/27/2018
606,Bert,Tomasian,10/29/2013
607,Shay,Jodrelle,08/23/2013
608,Marga,Straffon,08/17/2021
609,Alfy,Rembaud,03/15/2013
610,Gretta,Goozee,04/14/2021
611,Eula,Dauncey,11/09/2011
612,Milton,Chaudron,04/26/2020
613,Tiffy,Sarfati,02/19/2015
614,Bucky,Gorbell,10/29/2020
615,Cleon,Espino,03/14/2014
616,Trace,Fyall,03/29/2017
617,Anya,Sliney,05/30/2017
618,Johan,Flinn,05/27/2012
619,Marijn,Le Page,10/19/2011
620,Jo,Chapleo,04/07/2012
621,Hugo,Meffan,01/14/2020
622,Vinny,Earles,04/17/2016
623,Sherrie,Glendining,05/09/2021
624,Maximilien,Sigsworth,11/18/2011
625,Viviyan,Tollemache,11/10/2012
626,Luz,Burfitt,06/07/2015
627,Stevy,Gurko,04/29/2015
628,Cecile,Kinnard,08/16/2019
629,Paton,Thackeray,08/04/2019
630,Olivette,Hasluck,10/30/2017
631,Marguerite,Woodier,10/03/2017
632,Xever,Simonou,04/24/2016
633,Emelia,Salandino,04/25/2016
634,Laure,Dargie,01/09/2016
635,Reagan,Bartos,06/07/2016
636,Whitaker,Moxom,06/19/2017
637,Tobe,Ayllett,01/31/2019
638,Farica,Gabler,04/25/2021
639,Novelia,Reuther,05/17/2018
640,Selle,Chartman,03/03/2014
641,Ricki,Chesser,06/29/2018
642,Loraine,Adderley,07/30/2012
643,Netti,Stollsteiner,11/28/2014
644,Freemon,Maffia,03/22/2011
645,Stanley,Rawson,08/25/2013
646,Violet,Antognetti,09/02/2013
647,Caty,Mongan,01/08/2011
648,Carry,Glanester,07/28/2014
649,Thorndike,Screwton,01/02/2016
650,Dolley,Tommei,03/07/2016
651,Drucie,Mallett,11/08/2017
652,Ted,Brabbs,01/20/2015
653,Jilleen,Gary,01/06/2017
654,Enrico,McAne,12/16/2012
655,Marjie,Antoney,02/10/2015
656,Nathalie,Quartermaine,12/09/2012
657,Milton,Strangeway,11/02/2020
658,Barnebas,Ducrow,05/17/2016
659,Pooh,Yves,07/09/2017
660,Masha,Simcox,04/14/2012
661,Sorcha,Worgan,08/15/2011
662,Latashia,Dennant,02/11/2018
663,Coletta,Story,08/20/2019
664,Talia,Finnimore,04/17/2011
665,Brigg,Morforth,11/03/2019
666,Towny,Druett,02/06/2016
667,Gerhard,Tidgewell,02/21/2016
668,Woodrow,Gibbe,12/11/2010
669,Nance,Reskelly,01/10/2022
670,Gisele,Radenhurst,10/21/2015
671,Jorry,Peppin,11/22/2010
672,Addie,Minchell,10/28/2021
673,Gerty,Denison,09/29/2011
674,Vladamir,Wrighton,08/05/2016
675,Pippo,Delieu,01/24/2018
676,Bridgette,Jimpson,05/28/2020
677,Karoline,Murch,06/18/2020
678,Deana,Seymark,08/20/2018
679,Filberto,Keating,04/03/2011
680,Jules,Victoria,11/20/2011
681,Ignaz,Paddemore,05/27/2020
682,Sondra,Winspar,11/14/2020
683,Idette,Skarman,11/26/2011
684,Egon,Simmen,08/14/2015
685,Tarra,Luttger,05/14/2013
686,Sybila,Simonds,04/15/2017
687,Mabelle,Manilow,03/24/2021
688,Cristina,Dymond,05/20/2019
689,Kacie,Venables,04/22/2021
690,Corny,Sabater,10/26/2013
691,Aurelea,Colebeck,02/06/2013
692,Bernelle,Yewdale,10/14/2016
693,Kimble,Gartan,11/08/2020
694,Lorin,Iglesias,12/18/2016
695,Jaime,Jirusek,04/03/2012
696,Andrea,Corkish,11/08/2015
697,Marjie,O'Crotty,01/20/2019
698,Glynis,Banasiak,11/17/2021
699,Rosemonde,Swede,06/04/2017
700,Aurea,Featherstone,05/16/2022
701,Eirena,Stebles,03/01/2020
702,Elden,Terrill,06/10/2015
703,Winston,Defrain,12/10/2015
704,Jeannine,Ivantyev,10/03/2014
705,Silas,Trousdale,11/30/2015
706,Addison,De Blasio,11/02/2020
707,Rutter,Mindenhall,10/01/2020
708,Alley,Waugh,02/13/2018
709,Brittney,Haldon,11/21/2014
710,Lazarus,Banford,04/19/2013
711,Hiram,Very,06/23/2017
712,Adolphus,Bassano,05/19/2018
713,Tabbatha,Lum,03/30/2022
714,Christy,Verdon,01/25/2021
715,Hendrika,Weyland,10/18/2012
716,Cassaundra,Heminsley,10/25/2011
717,Devy,Dare,10/25/2021
718,Bjorn,Hellcat,10/31/2017
719,Murdoch,Aleksandrev,11/19/2010
720,Flemming,Paoloni,09/02/2013
721,Carita,Tiner,06/07/2012
722,Valenka,Dominik,03/19/2019
723,Celestyn,Streeter,07/27/2021
724,Pat,Fortman,06/15/2014
725,Dukey,Sambiedge,11/26/2017
726,Letitia,Elcoat,06/06/2016
727,Blanche,Clingoe,10/03/2021
728,Codie,MacGinlay,12/10/2018
729,Poul,McRavey,01/28/2015
730,Rafi,Dickings,03/29/2022
731,Mathe,Westberg,09/21/2017
732,Darlleen,Nund,07/08/2013
733,Bayard,Meynell,02/10/2021
734,Cathrin,Bennedick,07/14/2011
735,Rory,Marjot,06/27/2021
736,Jacquelyn,Cockaday,01/28/2020
737,Courtnay,Cuesta,11/24/2011
738,Penn,Howden,03/25/2013
739,Enrica,Loughhead,12/29/2014
740,Brander,Crosetti,01/24/2016
741,Massimo,Simenel,12/26/2019
742,Andi,Tran,01/17/2016
743,Sallyanne,Bilton,10/16/2021
744,Matthaeus,Durrett,09/21/2018
745,Terrill,Ware,04/08/2022
746,Emmerich,Brewin,08/27/2013
747,Allis,Dyer,10/02/2011
748,Mick,Wordsworth,01/16/2021
749,Dwain,O'Dunniom,05/28/2022
750,Vito,Dreng,02/09/2019
751,Bradly,Vreede,06/07/2018
752,Dimitri,Kleinzweig,03/29/2012
753,Borden,Epgrave,02/19/2011
754,Norina,Goodings,09/28/2017
755,Haleigh,McAulay,02/09/2020
756,Iosep,Siveter,07/15/2011
757,Vallie,Voelker,03/18/2020
758,Meryl,Filipputti,07/15/2014
759,Gabbie,Ottosen,08/06/2015
760,Paige,Skyme,01/23/2015
761,Augustine,Camamill,12/25/2012
762,Merola,Erlam,09/07/2019
763,Sauveur,McKeran,11/23/2021
764,Wrennie,McKillop,02/07/2018
765,Janaya,Simoneton,02/04/2013
766,Townsend,Sagg,03/30/2017
767,Jenn,Fairfoull,09/23/2019
768,Missie,Demelt,02/12/2014
769,Fionnula,Corbie,01/31/2018
770,Frederique,Kerford,05/27/2012
771,Averill,Surfleet,01/11/2015
772,Austine,Glastonbury,07/20/2011
773,Marjy,McMechan,10/13/2015
774,Heidie,Sogg,02/28/2015
775,Ralph,Sobtka,04/28/2022
776,Roman,Tarbet,10/06/2017
777,Gaven,Alfonso,12/17/2020
778,Hubert,Sherry,10/07/2021
779,Hilton,Keson,03/15/2011
780,Sidoney,Rouf,11/03/2019
781,Darla,Evesque,07/13/2012
782,Haze,Dillingstone,02/21/2019
783,Rees,Rosenblum,01/13/2013
784,Booth,Whittingham,09/12/2011
785,Darcey,Fardoe,01/06/2020
786,Brandea,Ewen,10/21/2012
787,Jeannine,Andrus,02/05/2012
788,Anthea,Santen,07/02/2020
789,Ferd,Eads,03/05/2019
790,Milt,Kitchenham,08/28/2020
791,Baudoin,Capey,07/15/2021
792,Marris,Girodon,01/26/2014
793,Maressa,Spreadbury,10/02/2015
794,Justinian,Corneliussen,01/18/2014
795,Deny,Yewdale,11/11/2016
796,Hilario,Maseres,10/01/2018
797,Bryna,Meric,10/24/2018
798,Marcus,Guyot,08/03/2021
799,Cordelie,Gilley,10/16/2017
800,Loria,Lapthorne,05/03/2013
801,Jarret,Oxx,02/19/2018
802,Thomasin,Brunker,12/22/2017
803,Giustina,Dwight,12/17/2018
804,Lani,Jarrett,12/20/2018
805,Lissie,Frantzen,02/25/2012
806,Bron,Ludron,08/31/2012
807,Pavla,Smiley,07/14/2020
808,Bartram,Wetherburn,08/01/2019
809,Jacinda,Carlin,06/23/2013
810,Ailina,Mill,07/29/2019
811,Stevana,Mallabund,07/15/2017
812,Ermina,Braemer,01/18/2018
813,Lynnet,Greenhill,11/20/2019
814,Lucienne,Deaconson,09/02/2015
815,Mirelle,Meus,05/09/2022
816,Roscoe,Sarver,12/06/2016
817,Weylin,Blondell,08/24/2016
818,Josy,Limb,02/28/2019
819,Sheridan,Tee,09/19/2018
820,Pauly,Rouf,09/01/2012
821,Skip,Giorgiutti,04/21/2019
822,Agnes,Shilladay,01/02/2019
823,Desiree,Keysall,12/31/2011
824,Rainer,Verbrugge,05/22/2017
825,Kerry,Landers,06/16/2011
826,Fancy,Swaile,07/22/2018
827,Herschel,Banville,02/26/2014
828,Fenelia,Sweeney,02/27/2019
829,Gavan,Salmoni,08/04/2021
830,Barbe,Thurlow,06/25/2017
831,Candida,Boustred,01/15/2012
832,Kingsly,Povele,01/26/2017
833,Teodoro,Doyley,03/31/2022
834,Hugues,Skeels,07/08/2017
835,Lazarus,Connow,12/09/2020
836,Chan,Solloway,11/14/2018
837,Earvin,Avarne,05/06/2016
838,Elsa,De Blasio,11/05/2019
839,Tallie,Wride,03/28/2019
840,Sonnie,Jorn,05/23/2018
841,King,Tuther,12/03/2019
842,Hali,Telega,06/01/2021
843,Giuseppe,Pinel,05/29/2022
844,Micheal,Boutflour,11/19/2013
845,Joycelin,Giacoboni,06/08/2014
846,Jerrilyn,Breton,12/26/2021
847,Luce,Elam,04/11/2012
848,Shani,Lampel,01/07/2013
849,Benedetta,Bridgestock,04/18/2013
850,Cullen,Serrels,11/19/2012
851,Gerri,Inworth,04/12/2014
852,Siusan,Charlotte,05/13/2013
853,Vilma,Sammon,03/25/2014
854,Catherin,Pittman,10/24/2021
855,Linus,Keddie,10/02/2014
856,Cassy,Vowles,12/21/2010
857,Shadow,Lowey,11/18/2011
858,Mattheus,Stickells,01/02/2019
859,Jamie,Cheese,10/13/2019
860,Ahmed,Aucoate,02/03/2018
861,Cristy,Ollington,05/05/2020
862,Betta,Essex,01/20/2013
863,Frasco,Overal,01/08/2016
864,Kennett,Rainey,04/30/2014
865,Arnie,Priest,06/21/2018
866,Luce,Foxen,12/20/2019
867,Sula,Baroche,11/06/2014
868,Thatcher,de'-Ancy Willis,09/15/2014
869,Rikki,Basnett,05/24/2015
870,Olin,Cherry Holme,05/18/2020
871,Wenonah,Cabell,11/20/2018
872,Gabriella,Ionnidis,07/04/2017
873,Suzy,Kondratenya,04/16/2018
874,Shawna,Walesa,12/23/2014
875,Dominik,Glaum,06/03/2018
876,Dayna,Janic,08/10/2018
877,Emanuele,Cutforth,03/26/2018
878,Towney,Haffner,08/18/2014
879,Phyllys,Christophersen,11/04/2021
880,Nevin,Glasscock,07/25/2021
881,Bryn,Stennett,09/07/2013
882,Nadia,Camplejohn,09/19/2012
883,Tabatha,Lifton,04/26/2021
884,Tallie,Slopier,04/26/2017
885,Zeb,Windous,07/31/2015
886,Alene,Scroxton,02/26/2011
887,Leshia,Groveham,06/03/2021
888,Emanuel,Persey,08/10/2011
889,Lance,Regelous,02/28/2022
890,Hayden,Antosik,12/02/2012
891,Dee dee,Cantero,12/01/2010
892,Donelle,Pipkin,04/15/2022
893,Filia,Sawney,12/08/2018
894,Claudelle,McGarel,06/14/2014
895,Adolph,McMillan,03/12/2018
896,Erich,Richter,05/06/2019
897,Suzy,Peascod,08/05/2013
898,Dael,Crowd,01/15/2020
899,Dorita,Gregore,10/02/2011
900,Lorena,Salzen,03/30/2020
901,Karyn,Orris,01/15/2014
902,Carroll,Boliver,06/25/2014
903,Ringo,Lamyman,02/03/2022
904,Urban,Ducastel,07/20/2017
905,Coriss,Burdett,02/21/2014
906,Bertrand,Swin,08/17/2015
907,Fairlie,Christensen,12/02/2016
908,Mildred,Rosenzwig,10/29/2016
909,Winnah,Rudall,07/22/2012
910,Rene,Clutten,08/07/2013
911,Cyndie,Shippey,06/22/2021
912,Kennie,Stainbridge,05/26/2017
913,Jaclin,Digle,05/22/2019
914,Candra,Rathborne,09/10/2021
915,Edsel,Kersaw,10/11/2016
916,Rycca,Robelow,09/26/2019
917,Nissy,Bartolommeo,03/29/2012
918,Bancroft,Kem,04/25/2016
919,Lynda,Brombell,02/19/2013
920,Bartholomeo,Vergo,02/07/2019
921,Carlen,Sercombe,12/29/2018
922,Kamila,Cartmer,12/13/2011
923,Halie,Erb,01/24/2021
924,Rayna,Ashbridge,01/31/2021
925,Lamont,Ramsbotham,11/12/2014
926,Nedi,Tesyro,01/29/2019
927,Mandy,Fullard,12/08/2013
928,Saloma,Cordel,11/18/2021
929,Chad,Strevens,02/11/2017
930,Donica,Oulett,01/14/2015
931,Risa,Fader,02/06/2015
932,Josiah,Killick,03/01/2014
933,Barbabra,Stemp,06/15/2015
934,Pamela,Matzl,05/08/2018
935,Juliana,Alderton,10/14/2015
936,Mart,Summerhayes,12/03/2021
937,Mark,Drissell,07/29/2021
938,Levon,Borit,10/02/2012
939,Ximenez,Blair,10/03/2011
940,Nerte,Albers,03/12/2012
941,Halie,Parke,04/05/2011
942,Meghann,Heinssen,08/05/2011
943,Eleanor,Gathwaite,05/22/2017
944,Dominga,Ebsworth,11/06/2010
945,Wallie,Lyddy,01/11/2011
946,Ansley,Childerhouse,04/22/2014
947,Ed,Lerwill,08/01/2017
948,Nikolos,Seeman,09/15/2017
949,Hort,Lancetter,02/16/2017
950,Annalise,Warbrick,08/14/2012
951,Gerianna,Caulwell,02/24/2011
952,Anastasia,Mayoh,05/24/2021
953,Renee,Whiskin,05/26/2012
954,Rich,Pea,04/03/2015
955,Christalle,Bickerstaffe,06/26/2016
956,Torin,Laws,05/28/2020
957,Norton,Stockney,02/23/2017
958,Guinevere,Sawden,04/23/2021
959,Cris,Lacroutz,03/08/2014
960,Erwin,Daffern,03/24/2013
961,Yolanthe,Late,09/19/2013
962,Jacky,Harroll,12/24/2020
963,Titus,Azema,06/15/2016
964,Nona,Kingsmill,03/20/2011
965,Melesa,Hugueville,10/14/2018
966,Eydie,Wolfendell,07/01/2015
967,Renate,Ginner,06/06/2020
968,Herculie,Pittet,06/19/2019
969,Mignonne,Hadlee,09/25/2012
970,Audre,Blampied,11/17/2014
971,Alyse,Macartney,05/07/2013
972,Elianora,Letcher,01/28/2016
973,Shauna,Greenroad,07/28/2019
974,Alf,Rowntree,11/06/2016
975,Kamillah,Ghirardi,12/22/2016
976,Rhodia,Lang,07/23/2012
977,Allina,Kelling,07/18/2015
978,Jess,Rapi,10/12/2012
979,Tania,Hemms,03/22/2020
980,Charis,Grivori,07/05/2019
981,Wileen,Ledwitch,01/17/2011
982,Halsey,MacFayden,03/11/2018
983,Myrle,Snuggs,04/10/2021
984,Bernelle,Scriven,04/03/2019
985,Allin,Bandiera,08/02/2020
986,Vittorio,Cardillo,09/16/2018
987,Auria,Dimblebee,12/20/2015
988,Allan,Sextie,10/11/2012
989,Mariele,Kivell,05/08/2020
990,Cleon,Carous,11/22/2021
991,Jamima,Evershed,08/04/2021
992,Leone,Stealy,05/16/2019
993,Sib,Wildey,08/14/2017
994,Lia,Waddington,02/01/2011
995,Sharyl,Lindgren,11/10/2014
996,Pooh,Goldston,03/03/2012
997,Abeu,Wittier,09/01/2011
998,Jessie,Hammell,05/29/2022
999,Mikey,Morgan,08/23/2021
1000,Ramona,Glowacha,12/12/2019
